taxon	min	max
Ctenocystis_utahensis	5.3	7.3
Gyrocystis_platessa	3.6	5.6
Gyrocystis_testudiformis	1.8	3.8
Gyrocystis_cruzae	1.8	3.8
Gyrocystis_badulesiensis	1.8	3.8
Gyrocystis_erecta	1.3	2.3
Progyrocystis_disjuncta	1.8	3.8
Protocinctus_mansillaensis	1.3	7.3
Elliptocinctus_barrandei	1.3	2.3
Elliptocinctus_vizcainoi	4.2	5.2
Sucocystis_theronensis	1.3	2.3
Sucocystis_bretoni	0.7	1.7
Lignanicystis_barriosensis	1.3	2.3
Undatacinctus_undata	0.7	1.7
Sucocystis_acrofera	0.0	0.0
Undatacinctus_quadricornuta	0.7	1.7
Undatacinctus_melendezi	0.2	1.2
Asturicystis_jaekeli	4.6	5.6
Sotocinctus_ubaghsi	5.1	6.1
Trochocystites_bohemicus	4.9	5.9
Trochocystoides_parvus	4.2	5.2
Ludwigicinctus_truncatus	1.3	2.3
Graciacystis_ambigua	4.6	5.6
Asturicystis_havliceki	4.9	5.9
Nelegerocystis_ivantzovi	5.1	6.1
Rozanovicystis_triangularis	5.1	6.1
Davidocinctus_pembrokensis	4.2	5.2
